connection node_2;
connection node_1;
CREATE TABLE IF NOT EXISTS t1 (id int(10) not null primary key) engine=innodb;
CREATE OR REPLACE TRIGGER tr1
BEFORE INSERT ON t1 FOR EACH ROW
BEGIN
SET NEW.id = 100;
END|
INSERT INTO t1 VALUES (1);
SELECT * from t1;
id
100
CREATE OR REPLACE TRIGGER tr1
BEFORE INSERT ON t1 FOR EACH ROW
BEGIN
SET NEW.id = 200;
END|
connection node_2;
SET SESSION wsrep_sync_wait=15;
SELECT * FROM t1;
id
100
INSERT INTO t1 values (2);
SELECT * FROM t1;
id
100
200
connection node_1;
SELECT * FROM t1;
id
100
200
DROP TRIGGER tr1;
DROP TABLE t1;
